userID,username,password
1,user1,pass1
2,user2,pass2
3,user3,pass3
4,user4,pass4
5,user5,pass5
6,user6,pass6
7,user7,pass7
8,user8,pass8
9,user9,pass9
10,user10,pass10
11,user11,pass11
12,user12,pass12
13,user13,pass13
14,user14,pass14
15,user15,pass15
16,user16,pass16
17,user17,pass17
18,user18,pass18
19,user19,pass19
20,user20,pass20
21,user21,pass21
22,user22,pass22
23,user23,pass23
24,user24,pass24
25,user25,pass25
26,user26,pass26
27,user27,pass27
28,user28,pass28
29,user29,pass29
30,user30,pass30
31,user31,pass31
32,user32,pass32
33,user33,pass33
34,user34,pass34
35,user35,pass35
36,user36,pass36
37,user37,pass37
38,user38,pass38
39,user39,pass39
40,user40,pass40
41,user41,pass41
42,user42,pass42
43,user43,pass43
44,user44,pass44
45,user45,pass45
46,user46,pass46
47,user47,pass47
48,user48,pass48
49,user49,pass49
50,user50,pass50
51,user51,pass51
52,user52,pass52
53,user53,pass53
54,user54,pass54
55,user55,pass55
56,user56,pass56
57,user57,pass57
58,user58,pass58
59,user59,pass59
60,user60,pass60
61,user61,pass61
62,user62,pass62
63,user63,pass63
64,user64,pass64
65,user65,pass65
66,user66,pass66
67,user67,pass67
68,user68,pass68
69,user69,pass69
70,user70,pass70
71,user71,pass71
72,user72,pass72
73,user73,pass73
74,user74,pass74
75,user75,pass75
76,user76,pass76
77,user77,pass77
78,user78,pass78
79,user79,pass79
80,user80,pass80
81,user81,pass81
82,user82,pass82
83,user83,pass83
84,user84,pass84
85,user85,pass85
86,user86,pass86
87,user87,pass87
88,user88,pass88
89,user89,pass89
90,user90,pass90
91,user91,pass91
92,user92,pass92
93,user93,pass93
94,user94,pass94
95,user95,pass95
96,user96,pass96
97,user97,pass97
98,user98,pass98
99,user99,pass99
100,user100,pass100
101,user101,pass101
102,user102,pass102
103,user103,pass103
104,user104,pass104
105,user105,pass105
106,user106,pass106
107,user107,pass107
108,user108,pass108
109,user109,pass109
110,user110,pass110
111,user111,pass111
112,user112,pass112
113,user113,pass113
114,user114,pass114
115,user115,pass115
116,user116,pass116
117,user117,pass117
118,user118,pass118
119,user119,pass119
120,user120,pass120
121,user121,pass121
122,user122,pass122
123,user123,pass123
124,user124,pass124
125,user125,pass125
126,user126,pass126
127,user127,pass127
128,user128,pass128
129,user129,pass129
130,user130,pass130
131,user131,pass131
132,user132,pass132
133,user133,pass133
134,user134,pass134
135,user135,pass135
136,user136,pass136
137,user137,pass137
138,user138,pass138
139,user139,pass139
140,user140,pass140
141,user141,pass141
142,user142,pass142
143,user143,pass143
144,user144,pass144
145,user145,pass145
146,user146,pass146
147,user147,pass147
148,user148,pass148
149,user149,pass149
150,user150,pass150
151,user151,pass151
152,user152,pass152
153,user153,pass153
154,user154,pass154
155,user155,pass155
156,user156,pass156
157,user157,pass157
158,user158,pass158
159,user159,pass159
160,user160,pass160
161,user161,pass161
162,user162,pass162
163,user163,pass163
164,user164,pass164
165,user165,pass165
166,user166,pass166
167,user167,pass167
168,user168,pass168
169,user169,pass169
170,user170,pass170
171,user171,pass171
172,user172,pass172
173,user173,pass173
174,user174,pass174
175,user175,pass175
176,user176,pass176
177,user177,pass177
178,user178,pass178
179,user179,pass179
180,user180,pass180
181,user181,pass181
182,user182,pass182
183,user183,pass183
184,user184,pass184
185,user185,pass185
186,user186,pass186
187,user187,pass187
188,user188,pass188
189,user189,pass189
190,user190,pass190
191,user191,pass191
192,user192,pass192
193,user193,pass193
194,user194,pass194
195,user195,pass195
196,user196,pass196
197,user197,pass197
198,user198,pass198
199,user199,pass199
200,user200,pass200
201,user201,pass201
202,user202,pass202
203,user203,pass203
204,user204,pass204
205,user205,pass205
206,user206,pass206
207,user207,pass207
208,user208,pass208
209,user209,pass209
210,user210,pass210
211,user211,pass211
212,user212,pass212
213,user213,pass213
214,user214,pass214
215,user215,pass215
216,user216,pass216
217,user217,pass217
218,user218,pass218
219,user219,pass219
220,user220,pass220
221,user221,pass221
222,user222,pass222
223,user223,pass223
224,user224,pass224
225,user225,pass225
226,user226,pass226
227,user227,pass227
228,user228,pass228
229,user229,pass229
230,user230,pass230
231,user231,pass231
232,user232,pass232
233,user233,pass233
234,user234,pass234
235,user235,pass235
236,user236,pass236
237,user237,pass237
238,user238,pass238
239,user239,pass239
240,user240,pass240
241,user241,pass241
242,user242,pass242
243,user243,pass243
244,user244,pass244
245,user245,pass245
246,user246,pass246
247,user247,pass247
248,user248,pass248
249,user249,pass249
250,user250,pass250
251,user251,pass251
252,user252,pass252
253,user253,pass253
254,user254,pass254
255,user255,pass255
256,user256,pass256
257,user257,pass257
258,user258,pass258
259,user259,pass259
260,user260,pass260
261,user261,pass261
262,user262,pass262
263,user263,pass263
264,user264,pass264
265,user265,pass265
266,user266,pass266
267,user267,pass267
268,user268,pass268
269,user269,pass269
270,user270,pass270
271,user271,pass271
272,user272,pass272
273,user273,pass273
274,user274,pass274
275,user275,pass275
276,user276,pass276
277,user277,pass277
278,user278,pass278
279,user279,pass279
280,user280,pass280
281,user281,pass281
282,user282,pass282
283,user283,pass283
284,user284,pass284
285,user285,pass285
286,user286,pass286
287,user287,pass287
288,user288,pass288
289,user289,pass289
290,user290,pass290
291,user291,pass291
292,user292,pass292
293,user293,pass293
294,user294,pass294
295,user295,pass295
296,user296,pass296
297,user297,pass297
298,user298,pass298
299,user299,pass299
300,user300,pass300
301,user301,pass301
302,user302,pass302
303,user303,pass303
304,user304,pass304
305,user305,pass305
306,user306,pass306
307,user307,pass307
308,user308,pass308
309,user309,pass309
310,user310,pass310
311,user311,pass311
312,user312,pass312
313,user313,pass313
314,user314,pass314
315,user315,pass315
316,user316,pass316
317,user317,pass317
318,user318,pass318
319,user319,pass319
320,user320,pass320
321,user321,pass321
322,user322,pass322
323,user323,pass323
324,user324,pass324
325,user325,pass325
326,user326,pass326
327,user327,pass327
328,user328,pass328
329,user329,pass329
330,user330,pass330
331,user331,pass331
332,user332,pass332
333,user333,pass333
334,user334,pass334
335,user335,pass335
336,user336,pass336
337,user337,pass337
338,user338,pass338
339,user339,pass339
340,user340,pass340
341,user341,pass341
342,user342,pass342
343,user343,pass343
344,user344,pass344
345,user345,pass345
346,user346,pass346
347,user347,pass347
348,user348,pass348
349,user349,pass349
350,user350,pass350
351,user351,pass351
352,user352,pass352
353,user353,pass353
354,user354,pass354
355,user355,pass355
356,user356,pass356
357,user357,pass357
358,user358,pass358
359,user359,pass359
360,user360,pass360
361,user361,pass361
362,user362,pass362
363,user363,pass363
364,user364,pass364
365,user365,pass365
366,user366,pass366
367,user367,pass367
368,user368,pass368
369,user369,pass369
370,user370,pass370
371,user371,pass371
372,user372,pass372
373,user373,pass373
374,user374,pass374
375,user375,pass375
376,user376,pass376
377,user377,pass377
378,user378,pass378
379,user379,pass379
380,user380,pass380
381,user381,pass381
382,user382,pass382
383,user383,pass383
384,user384,pass384
385,user385,pass385
386,user386,pass386
387,user387,pass387
388,user388,pass388
389,user389,pass389
390,user390,pass390
391,user391,pass391
392,user392,pass392
393,user393,pass393
394,user394,pass394
395,user395,pass395
396,user396,pass396
397,user397,pass397
398,user398,pass398
399,user399,pass399
400,user400,pass400
401,user401,pass401
402,user402,pass402
403,user403,pass403
404,user404,pass404
405,user405,pass405
406,user406,pass406
407,user407,pass407
408,user408,pass408
409,user409,pass409
410,user410,pass410
411,user411,pass411
412,user412,pass412
413,user413,pass413
414,user414,pass414
415,user415,pass415
416,user416,pass416
417,user417,pass417
418,user418,pass418
419,user419,pass419
420,user420,pass420
421,user421,pass421
422,user422,pass422
423,user423,pass423
424,user424,pass424
425,user425,pass425
426,user426,pass426
427,user427,pass427
428,user428,pass428
429,user429,pass429
430,user430,pass430
431,user431,pass431
432,user432,pass432
433,user433,pass433
434,user434,pass434
435,user435,pass435
436,user436,pass436
437,user437,pass437
438,user438,pass438
439,user439,pass439
440,user440,pass440
441,user441,pass441
442,user442,pass442
443,user443,pass443
444,user444,pass444
445,user445,pass445
446,user446,pass446
447,user447,pass447
448,user448,pass448
449,user449,pass449
450,user450,pass450
451,user451,pass451
452,user452,pass452
453,user453,pass453
454,user454,pass454
455,user455,pass455
456,user456,pass456
457,user457,pass457
458,user458,pass458
459,user459,pass459
460,user460,pass460
461,user461,pass461
462,user462,pass462
463,user463,pass463
464,user464,pass464
465,user465,pass465
466,user466,pass466
467,user467,pass467
468,user468,pass468
469,user469,pass469
470,user470,pass470
471,user471,pass471
472,user472,pass472
473,user473,pass473
474,user474,pass474
475,user475,pass475
476,user476,pass476
477,user477,pass477
478,user478,pass478
479,user479,pass479
480,user480,pass480
481,user481,pass481
482,user482,pass482
483,user483,pass483
484,user484,pass484
485,user485,pass485
486,user486,pass486
487,user487,pass487
488,user488,pass488
489,user489,pass489
490,user490,pass490
491,user491,pass491
492,user492,pass492
493,user493,pass493
494,user494,pass494
495,user495,pass495
496,user496,pass496
497,user497,pass497
498,user498,pass498
499,user499,pass499
500,user500,pass500
501,user501,pass501
502,user502,pass502
503,user503,pass503
504,user504,pass504
505,user505,pass505
506,user506,pass506
507,user507,pass507
508,user508,pass508
509,user509,pass509
510,user510,pass510
511,user511,pass511
512,user512,pass512
513,user513,pass513
514,user514,pass514
515,user515,pass515
516,user516,pass516
517,user517,pass517
518,user518,pass518
519,user519,pass519
520,user520,pass520
521,user521,pass521
522,user522,pass522
523,user523,pass523
524,user524,pass524
525,user525,pass525
526,user526,pass526
527,user527,pass527
528,user528,pass528
529,user529,pass529
530,user530,pass530
531,user531,pass531
532,user532,pass532
533,user533,pass533
534,user534,pass534
535,user535,pass535
536,user536,pass536
537,user537,pass537
538,user538,pass538
539,user539,pass539
540,user540,pass540
541,user541,pass541
542,user542,pass542
543,user543,pass543
544,user544,pass544
545,user545,pass545
546,user546,pass546
547,user547,pass547
548,user548,pass548
549,user549,pass549
550,user550,pass550
551,user551,pass551
552,user552,pass552
553,user553,pass553
554,user554,pass554
555,user555,pass555
556,user556,pass556
557,user557,pass557
558,user558,pass558
559,user559,pass559
560,user560,pass560
561,user561,pass561
562,user562,pass562
563,user563,pass563
564,user564,pass564
565,user565,pass565
566,user566,pass566
567,user567,pass567
568,user568,pass568
569,user569,pass569
570,user570,pass570
571,user571,pass571
572,user572,pass572
573,user573,pass573
574,user574,pass574
575,user575,pass575
576,user576,pass576
577,user577,pass577
578,user578,pass578
579,user579,pass579
580,user580,pass580
581,user581,pass581
582,user582,pass582
583,user583,pass583
584,user584,pass584
585,user585,pass585
586,user586,pass586
587,user587,pass587
588,user588,pass588
589,user589,pass589
590,user590,pass590
591,user591,pass591
592,user592,pass592
593,user593,pass593
594,user594,pass594
595,user595,pass595
596,user596,pass596
597,user597,pass597
598,user598,pass598
599,user599,pass599
600,user600,pass600
601,user601,pass601
602,user602,pass602
603,user603,pass603
604,user604,pass604
605,user605,pass605
606,user606,pass606
607,user607,pass607
608,user608,pass608
609,user609,pass609
610,user610,pass610
611,user611,pass611
612,user612,pass612
613,user613,pass613
614,user614,pass614
615,user615,pass615
616,user616,pass616
617,user617,pass617
618,user618,pass618
619,user619,pass619
620,user620,pass620
621,user621,pass621
622,user622,pass622
623,user623,pass623
624,user624,pass624
625,user625,pass625
626,user626,pass626
627,user627,pass627
628,user628,pass628
629,user629,pass629
630,user630,pass630
631,user631,pass631
632,user632,pass632
633,user633,pass633
634,user634,pass634
635,user635,pass635
636,user636,pass636
637,user637,pass637
638,user638,pass638
639,user639,pass639
640,user640,pass640
641,user641,pass641
642,user642,pass642
643,user643,pass643
644,user644,pass644
645,user645,pass645
646,user646,pass646
647,user647,pass647
648,user648,pass648
649,user649,pass649
650,user650,pass650
651,user651,pass651
652,user652,pass652
653,user653,pass653
654,user654,pass654
655,user655,pass655
656,user656,pass656
657,user657,pass657
658,user658,pass658
659,user659,pass659
660,user660,pass660
661,user661,pass661
662,user662,pass662
663,user663,pass663
664,user664,pass664
665,user665,pass665
666,user666,pass666
667,user667,pass667
668,user668,pass668
669,user669,pass669
670,user670,pass670
671,user671,pass671
672,user672,pass672
673,user673,pass673
674,user674,pass674
675,user675,pass675
676,user676,pass676
677,user677,pass677
678,user678,pass678
679,user679,pass679
680,user680,pass680
681,user681,pass681
682,user682,pass682
683,user683,pass683
684,user684,pass684
685,user685,pass685
686,user686,pass686
687,user687,pass687
688,user688,pass688
689,user689,pass689
690,user690,pass690
691,user691,pass691
692,user692,pass692
693,user693,pass693
694,user694,pass694
695,user695,pass695
696,user696,pass696
697,user697,pass697
698,user698,pass698
699,user699,pass699
700,user700,pass700
701,user701,pass701
702,user702,pass702
703,user703,pass703
704,user704,pass704
705,user705,pass705
706,user706,pass706
707,user707,pass707
708,user708,pass708
709,user709,pass709
710,user710,pass710
711,user711,pass711
712,user712,pass712
713,user713,pass713
714,user714,pass714
715,user715,pass715
716,user716,pass716
717,user717,pass717
718,user718,pass718
719,user719,pass719
720,user720,pass720
721,user721,pass721
722,user722,pass722
723,user723,pass723
724,user724,pass724
725,user725,pass725
726,user726,pass726
727,user727,pass727
728,user728,pass728
729,user729,pass729
730,user730,pass730
731,user731,pass731
732,user732,pass732
733,user733,pass733
734,user734,pass734
735,user735,pass735
736,user736,pass736
737,user737,pass737
738,user738,pass738
739,user739,pass739
740,user740,pass740
741,user741,pass741
742,user742,pass742
743,user743,pass743
744,user744,pass744
745,user745,pass745
746,user746,pass746
747,user747,pass747
748,user748,pass748
749,user749,pass749
750,user750,pass750
751,user751,pass751
752,user752,pass752
753,user753,pass753
754,user754,pass754
755,user755,pass755
756,user756,pass756
757,user757,pass757
758,user758,pass758
759,user759,pass759
760,user760,pass760
761,user761,pass761
762,user762,pass762
763,user763,pass763
764,user764,pass764
765,user765,pass765
766,user766,pass766
767,user767,pass767
768,user768,pass768
769,user769,pass769
770,user770,pass770
771,user771,pass771
772,user772,pass772
773,user773,pass773
774,user774,pass774
775,user775,pass775
776,user776,pass776
777,user777,pass777
778,user778,pass778
779,user779,pass779
780,user780,pass780
781,user781,pass781
782,user782,pass782
783,user783,pass783
784,user784,pass784
785,user785,pass785
786,user786,pass786
787,user787,pass787
788,user788,pass788
789,user789,pass789
790,user790,pass790
791,user791,pass791
792,user792,pass792
793,user793,pass793
794,user794,pass794
795,user795,pass795
796,user796,pass796
797,user797,pass797
798,user798,pass798
799,user799,pass799
800,user800,pass800
801,user801,pass801
802,user802,pass802
803,user803,pass803
804,user804,pass804
805,user805,pass805
806,user806,pass806
807,user807,pass807
808,user808,pass808
809,user809,pass809
810,user810,pass810
811,user811,pass811
812,user812,pass812
813,user813,pass813
814,user814,pass814
815,user815,pass815
816,user816,pass816
817,user817,pass817
818,user818,pass818
819,user819,pass819
820,user820,pass820
821,user821,pass821
822,user822,pass822
823,user823,pass823
824,user824,pass824
825,user825,pass825
826,user826,pass826
827,user827,pass827
828,user828,pass828
829,user829,pass829
830,user830,pass830
831,user831,pass831
832,user832,pass832
833,user833,pass833
834,user834,pass834
835,user835,pass835
836,user836,pass836
837,user837,pass837
838,user838,pass838
839,user839,pass839
840,user840,pass840
841,user841,pass841
842,user842,pass842
843,user843,pass843
844,user844,pass844
845,user845,pass845
846,user846,pass846
847,user847,pass847
848,user848,pass848
849,user849,pass849
850,user850,pass850
851,user851,pass851
852,user852,pass852
853,user853,pass853
854,user854,pass854
855,user855,pass855
856,user856,pass856
857,user857,pass857
858,user858,pass858
859,user859,pass859
860,user860,pass860
861,user861,pass861
862,user862,pass862
863,user863,pass863
864,user864,pass864
865,user865,pass865
866,user866,pass866
867,user867,pass867
868,user868,pass868
869,user869,pass869
870,user870,pass870
871,user871,pass871
872,user872,pass872
873,user873,pass873
874,user874,pass874
875,user875,pass875
876,user876,pass876
877,user877,pass877
878,user878,pass878
879,user879,pass879
880,user880,pass880
881,user881,pass881
882,user882,pass882
883,user883,pass883
884,user884,pass884
885,user885,pass885
886,user886,pass886
887,user887,pass887
888,user888,pass888
889,user889,pass889
890,user890,pass890
891,user891,pass891
892,user892,pass892
893,user893,pass893
894,user894,pass894
895,user895,pass895
896,user896,pass896
897,user897,pass897
898,user898,pass898
899,user899,pass899
900,user900,pass900
901,user901,pass901
902,user902,pass902
903,user903,pass903
904,user904,pass904
905,user905,pass905
906,user906,pass906
907,user907,pass907
908,user908,pass908
909,user909,pass909
910,user910,pass910
911,user911,pass911
912,user912,pass912
913,user913,pass913
914,user914,pass914
915,user915,pass915
916,user916,pass916
917,user917,pass917
918,user918,pass918
919,user919,pass919
920,user920,pass920
921,user921,pass921
922,user922,pass922
923,user923,pass923
924,user924,pass924
925,user925,pass925
926,user926,pass926
927,user927,pass927
928,user928,pass928
929,user929,pass929
930,user930,pass930
931,user931,pass931
932,user932,pass932
933,user933,pass933
934,user934,pass934
935,user935,pass935
936,user936,pass936
937,user937,pass937
938,user938,pass938
939,user939,pass939
940,user940,pass940
941,user941,pass941
942,user942,pass942
943,user943,pass943
944,user944,pass944
945,user945,pass945
946,user946,pass946
947,user947,pass947
948,user948,pass948
949,user949,pass949
950,user950,pass950
951,user951,pass951
952,user952,pass952
953,user953,pass953
954,user954,pass954
955,user955,pass955
956,user956,pass956
957,user957,pass957
958,user958,pass958
959,user959,pass959
960,user960,pass960
961,user961,pass961
962,user962,pass962
963,user963,pass963
964,user964,pass964
965,user965,pass965
966,user966,pass966
967,user967,pass967
968,user968,pass968
969,user969,pass969
970,user970,pass970
971,user971,pass971
972,user972,pass972
973,user973,pass973
974,user974,pass974
975,user975,pass975
976,user976,pass976
977,user977,pass977
978,user978,pass978
979,user979,pass979
980,user980,pass980
981,user981,pass981
982,user982,pass982
983,user983,pass983
984,user984,pass984
985,user985,pass985
986,user986,pass986
987,user987,pass987
988,user988,pass988
989,user989,pass989
990,user990,pass990
991,user991,pass991
992,user992,pass992
993,user993,pass993
994,user994,pass994
995,user995,pass995
996,user996,pass996
997,user997,pass997
998,user998,pass998
999,user999,pass999
1000,user1000,pass1000
